{"cameraMode":{"drawMode":0,"name":"Shaded","section":"Shading Mode"},"sceneLighting":true,"audioPlay":false,"sceneViewState":{"m_AlwaysRefresh":false,"showFog":true,"showSkybox":true,"showFlares":true,"showImageEffects":true,"showParticleSystems":true,"showVisualEffectGraphs":true,"m_FxEnabled":true},"in2DMode":false,"pivot":{"x":-8.020285606384278,"y":-27.587757110595704,"z":43.75535583496094},"rotation":{"x":0.21699482202529908,"y":-0.04771123453974724,"z":0.010619118809700013,"w":0.9749534130096436},"size":51.441184997558597,"orthographic":false}